{"我们": 0.07168859643816836, "农业": 0.036534540116449576, "动能": 0.015055243104615812, "发展": 0.336797437977821, "制度": 0.11782776589592392, "文化": 0.051136526549314915, "健全": 0.03691689198527645, "实施": 0.12833936747693536, "投资": 0.014313557333413853, "地区": 0.013733192246276409, "政策": 0.09418418295858298, "保障": 0.06532524143359286, "消费": 0.013493846202218216, "保持": 0.01538380918064414, "我国": 0.03767283434106659, "增加": 0.03420021920161957, "依法": 0.013810132644852022, "合作": 0.04312971888703497, "改革": 0.24566535477167897, "结构性": 0.01328858628363624, "战略": 0.015185406509318903, "加快": 0.1556875402618775, "自贸区": 0.011925172537045387, "加强": 0.16876205111208487, "坚持": 0.11539826107780742, "万亿元": 0.014995792151362198, "创业": 0.0329781268751346, "完善": 0.12401454550696994, "群众": 0.020327597035357983, "深入": 0.03586873926082715, "加大": 0.04251367412197155, "支持": 0.05380991681767655, "继续": 0.013773966502696596, "创新": 0.12638435187178948, "城乡": 0.018314274016575146, "改善": 0.013748944479531275, "试点": 0.07874647455912087, "事业": 0.01678301030958289, "推动": 0.11743447740496947, "人民": 0.07041320808131322, "推进": 0.24699173001111546, "现代化": 0.027193703363274493, "一批": 0.01846186941417674, "取得": 0.014012097793152704, "项目": 0.016144013920444844, "增长": 0.10533527221271996, "机制": 0.06465149134607873, "社会": 0.1286771622321205, "服务业": 0.014539203657535082, "就业": 0.12963171512796795, "全面": 0.12883948609605633, "产能": 0.013721224075946304, "生态": 0.02942076554270138, "服务": 0.06511818453763472, "今年": 0.030602514611586425, "农村": 0.09031024697044705, "深化": 0.11659248708215504, "实现": 0.04451730029781309, "教育": 0.03478673714890303, "经济": 0.16706244052533753, "坚决": 0.0176051949090581, "扩大": 0.07357707005884118, "国家": 0.028752310219683636, "2007": 0.016831774027314325, "重点": 0.04408470017481929, "积极": 0.061096750808465494, "企业": 0.08015441275562721, "重要": 0.016243957872558955, "城镇": 0.0318979133567392, "基本": 0.05739802099736338, "民生": 0.040963389880935154, "水平": 0.017942546121451953, "促进": 0.1300296616313322, "安全": 0.030011228574610044, "区域": 0.014690995076960487, "维护": 0.01362734811778169, "体系": 0.02052233987532559, "中国": 0.027228991108699082, "2012": 0.016831774027314325, "重大": 0.014618281164129847, "治理": 0.043912772157864696, "提高": 0.11502922615563888, "落实": 0.04579954234252784, "工作": 0.09460588504958127, "五年": 0.023947466137096095, "稳定": 0.06602332803450248, "统筹": 0.01569124281757799, "建设": 0.23292096184910116, "政府": 0.14224471226555793, "经济社会": 0.01875738600586765, "结构": 0.016154278878247098, "国际": 0.01495794160844597}