{"完成": 0.11986635475211259, "更加": 0.03569000023732017, "总数": 0.02475067942937388, "五年": 0.029096927459857168, "合作社": 0.12167269035229031, "食堂": 0.039708599427496896, "改造": 0.08884603709074987, "修正主义": 0.04476438157400711, "所有制": 0.020733251135235733, "一九五四年": 0.06435847005720434, "路线": 0.05105668050756364, "第一个": 0.02551436662584808, "建设费": 0.01989963552518386, "公社": 0.025556926324475808, "必须": 0.21482182040134667, "同时并举": 0.016171668268558648, "企业": 0.09075743181313459, "苏联": 0.04044551167340717, "比重": 0.02308947868472272, "日内瓦": 0.01437502838211704, "产量": 0.017593171786799842, "发展": 0.33335613810955045, "上层建筑": 0.022736700787709088, "政治": 0.014445547156937681, "资产阶级": 0.05104230701666819, "指出": 0.016495555248823242, "几年": 0.015582285878533763, "争取": 0.02437542653774545, "教育": 0.04634681704285289, "全国": 0.17086455306015552, "集团": 0.016481473465867525, "侵略": 0.016391814091468917, "建设项目": 0.03622595382692437, "争议地区": 0.022016214877636366, "亚洲": 0.019797827531621865, "深入": 0.019391039982090907, "收入": 0.0504294054658557, "一九四九年": 0.02827113328524244, "一九五六年": 0.021999819063833744, "大跃进": 0.040087203202560595, "农民": 0.06403504552579348, "世界": 0.04806853717706027, "思想": 0.015224961714332427, "马克思主义": 0.03640611170220606, "地方": 0.0638616225537143, "上年": 0.06928723402248659, "建设": 0.36003087577629245, "国营": 0.025880506341383423, "鼓掌": 0.03515021833697018, "各族人民": 0.030383637118181823, "一切": 0.04567817538960585, "指标": 0.014980727140655079, "制度": 0.024524375152759077, "粮食": 0.024620381047580648, "这个": 0.032844904993899124, "五年计划": 0.18415559549839103, "人民公社化": 0.020390022343920594, "但是": 0.03918851330626152, "工农业": 0.016205337308290258, "被压迫": 0.034946248039381816, "棉田": 0.021821870456606704, "团结": 0.09204906538932582, "加强": 0.02598012935849697, "工程": 0.017755264482293424, "一九五二年": 0.04992237952809439, "一九五九年": 0.11309049999536794, "一九五七年": 0.12238202799432239, "专政": 0.025091747837151516, "团结起来": 0.018161190266454543, "一九五八年": 0.21431994318946646, "并且": 0.06903468097822917, "为了": 0.015405455392156911, "科学": 0.01862943491665817, "半机械化": 0.02717142774078784, "应该": 0.05815324211886729, "国务院": 0.019638477964575754, "超级大国": 0.03639584492327273, "缺点": 0.019438477040623185, "一九五三年": 0.0632847953742409, "革命": 0.19933677448406634, "社办": 0.028676399906885856, "部门": 0.03926391814601736, "生活": 0.06180649227757179, "占本": 0.035643313962134764, "农村": 0.062322344707676794, "增产": 0.04844113233997651, "消灭": 0.0209586229816067, "私营": 0.040997754619314736, "基本建设": 0.1153717305544982, "帝国主义": 0.08224679347972444, "国家机关": 0.04407551571404694, "支持": 0.03411905398819736, "总产值": 0.01583654762695825, "和平": 0.04588934482019695, "反动派": 0.024501917307761727, "一个": 0.016006213930295405, "亿斤": 0.03852127536165115, "浪费": 0.031786437868788084, "政府": 0.01998090966894057, "任务": 0.034774467562941044, "相结合": 0.019422455664528538, "继续": 0.01908888038002485, "八字宪法": 0.02586974749131514, "彻底": 0.016434149435377375, "国营企业": 0.01970123952576029, "美国": 0.019780586568671384, "建立": 0.015454726929852091, "达到": 0.07727198717384624, "无产阶级": 0.0972135380349803, "经验": 0.016095913335691308, "我国": 0.40462039772246733, "问题": 0.0325012342514371, "巩固": 0.02446079757170909, "超额完成": 0.04181360292295656, "基础": 0.019206575022258067, "台湾": 0.016068703463665596, "右派分子": 0.017096352650980046, "积极": 0.014837889152507458, "战线": 0.015863714650812127, "事业": 0.09489161989121869, "财政": 0.021434005318250845, "周总理": 0.11090810239249471, "完工": 0.016457893257458816, "运动": 0.0381518179558037, "反对": 0.054704301394262966, "马克思列宁主义": 0.016526400629951307, "经过": 0.017622731005121288, "阶级斗争": 0.028440324849193312, "原定": 0.018681177728145495, "我们": 0.4378088369442609, "能够": 0.057090638843934005, "工商业": 0.015086809721720499, "批判": 0.021387861726484853, "文化": 0.016520127913747767, "可能": 0.014803118701416977, "应当": 0.12145445046364672, "对于": 0.05510578612097876, "年收入": 0.018305167500993834, "上一年": 0.03484689534330393, "努力": 0.01868145570316377, "民主": 0.015522833024368462, "一九七五年": 0.023276482478727274, "热烈鼓掌": 0.03413477060202783, "群众": 0.11777194772927378, "万吨": 0.01674044825810481, "胜利": 0.040624202727136245, "自力更生": 0.02408702596998864, "人民": 0.46187046389188596, "需要": 0.05041173267687472, "生产": 0.2677460440897865, "提前": 0.02555643711794355, "学习": 0.014218102740043948, "计划": 0.17536523212756713, "周转量": 0.01955920222903995, "方面": 0.14219773507001138, "实现": 0.05512275139901365, "资本主义": 0.0896379791995813, "机械化": 0.03300998687086849, "国家决算": 0.03937844505485987, "这些": 0.05066956562638786, "方针": 0.015336146044428432, "各位": 0.018528509246278788, "决算": 0.02538480885867621, "斗争": 0.07046572878237653, "劳动": 0.017847935393629253, "政策": 0.01836418868057134, "总路线": 0.025052166221311477, "社会主义": 0.48354872829381457, "技术": 0.015175103468070737, "这种": 0.015704516665311592, "文化大革命": 0.028090219570436364, "美帝国主义": 0.04019019787761727, "力量": 0.01984195061687064, "单位": 0.015081898968061464, "预算": 0.16044993960952494, "民族": 0.06854991467180287, "革命化": 0.0165348248422334, "进行": 0.09199828737873846, "设备": 0.015569615405487078, "批林批孔": 0.042558011180363634, "工业化": 0.019341820176828436, "基本": 0.022337889803504964, "提高": 0.03670566372194489, "养猪": 0.020076619451842432, "领导": 0.07321777140994463, "共产党": 0.02942349099451525, "国民经济": 0.1400566544367805, "跃进": 0.04622727523068507, "一九五": 0.027367491959536975, "职工": 0.017629878243332467, "统一战线": 0.02145694201446194, "万人": 0.028177340962572052, "干部": 0.03261112573963121, "十二年": 0.021719423727413152, "坚持": 0.05575171790902225, "增加": 0.17263403323383433, "增长": 0.21017419995542885, "今后": 0.015884489016288125, "纲要": 0.16369298544287528, "国家": 0.31844272227023923, "经济": 0.054190223026905376, "由于": 0.01918387746924071, "各国": 0.04674388391468706, "工业": 0.20220576585642724, "等于": 0.01678565112275241, "万亩": 0.024323705525825065, "工作": 0.17035849743673415, "文教": 0.017618217152772807, "西藏": 0.028965772593976143, "两年": 0.020279887043669356, "毛主席": 0.08944315425822236, "农业": 0.3542353891885023, "不变价格": 0.015707508344402647, "要求": 0.0428648984578474, "他们": 0.05069212169274585, "人民公社": 0.10599194221780399, "公私合营": 0.029607590156290997, "整风运动": 0.018291413617460114, "供应": 0.016315566876118823, "全世界": 0.01876726025696153, "支出": 0.13191687680727487, "已经": 0.12425428013352732, "错误": 0.018260411947135447}