{"体制改革": 0.05149223687543655, "结构": 0.016154278878247098, "累计": 0.02003188565098788, "规范": 0.018969332512404475, "社会保障": 0.01347974725261908, "健全": 0.0346835410436765, "建设": 0.557932398315992, "住房": 0.01556792787952361, "宏观调控": 0.01678476210525629, "全面": 0.14914267249151666, "五年": 0.11957112097032738, "达到": 0.04413203078408423, "积极": 0.17297639477527718, "增长": 0.1963604503584938, "深化": 0.08820096572488734, "人民": 0.12793669208543493, "保持": 0.01538380918064414, "非典": 0.018543769055906986, "经济社会": 0.0765053960077855, "万亿元": 0.014995792151362198, "稳定": 0.09951475581490268, "新增": 0.017764772867425633, "万人": 0.03735119498433716, "服务": 0.022652228680155477, "服务业": 0.015571227488583333, "解决": 0.08464892099706112, "行政": 0.015207509643342654, "战略": 0.04462759074951361, "基本": 0.13943363755622123, "人数": 0.017549703526744346, "大力": 0.015621303016377779, "实行": 0.015825395197463496, "节能": 0.05433872919700265, "补贴": 0.019572597349335162, "推动": 0.0538740348898472, "得到": 0.018775195280488797, "加快": 0.28641515397671663, "保障": 0.07483960454514618, "和平": 0.015523996878028891, "制度": 0.2052305063076231, "维护": 0.03159246400479902, "进一步": 0.1335678205429396, "坚持": 0.16324254644428104, "工程": 0.020326869850178206, "民生": 0.017579902029807377, "制定": 0.039623762478262804, "问题": 0.08997087997595413, "取得": 0.15483922694823135, "合作": 0.03621374896733264, "加强": 0.5199886346909414, "着力": 0.03076850480516189, "做好": 0.04508259544308389, "创新": 0.033134144682829894, "群众": 0.04639050151300189, "体系": 0.1454223894337287, "平稳": 0.021946625133002058, "企业": 0.10381337926503084, "补助": 0.06966560488322063, "同胞": 0.023934732438492114, "过快": 0.022806013108198197, "2006": 0.018260846491191446, "一年": 0.014542526727166638, "粮食": 0.05887824780640345, "今年": 0.01783540635834563, "养老保险": 0.01901312673437971, "机制": 0.05711604842344342, "大力发展": 0.020730246447341664, "中央财政": 0.1936334912533474, "各级": 0.01995847269650935, "继续": 0.18972462957869846, "加大": 0.06753172409133047, "信访": 0.021355488838243245, "环保": 0.01683932265089104, "工作": 0.3459001848608597, "增产": 0.019587096767792793, "参保": 0.01933009180599726, "水平": 0.04787248727991042, "比前": 0.017561171506279838, "个省": 0.03590020271141141, "城乡": 0.05460490571068949, "国家": 0.014913123549524697, "诚挚": 0.04106487593383165, "政策措施": 0.06383814410315118, "服务体系": 0.016764585067040032, "进展": 0.05127126595454426, "促进": 0.20889480645565897, "我们": 0.1472524120886639, "上年": 0.10901521259092996, "重大": 0.06233774166703704, "应对": 0.019453884627034727, "增强": 0.03833332871604491, "改革": 0.38523720662880256, "推进": 0.43668916577499484, "切实": 0.016598547933422223, "经济": 0.3195032595609184, "十一五": 0.018000168266700613, "稳步": 0.03768061606619934, "开展": 0.016230119004145584, "国债资金": 0.019222320365315317, "方面": 0.049157515385631824, "全国": 0.07239540268433885, "支持": 0.13629489283799878, "依法": 0.033482431227444355, "实现": 0.021431045055656822, "提高": 0.1774631432009567, "城镇居民": 0.013974311014648765, "安排": 0.030340023742462464, "自主": 0.01852951631876628, "国有企业": 0.03982299702848498, "新进展": 0.04098858523312508, "管理": 0.03864712300287963, "完善": 0.1768924303141555, "实施": 0.24185191099813624, "就业": 0.2572715539595501, "政府": 0.20904988111295608, "农村": 0.3373789889623775, "农民": 0.08487980189885867, "政策": 0.09529637231568056, "地区": 0.05955481426756733, "各族人民": 0.02863433929917752, "支出": 0.017409207471208225, "扩大": 0.10150363165773343, "事业": 0.09124654398595076, "拖欠": 0.018543558261466395, "重要": 0.03965922662509713, "试点": 0.035078108360158865, "重点": 0.22063326784757498, "发展": 0.5913242566495814, "社会": 0.24489866481737707, "社会主义": 0.01781794127935694, "国务院": 0.07521854408096376, "投资": 0.09561668492767945, "国际": 0.06257530723997992, "2002": 0.035122343012559676, "困难": 0.020054452941878, "亿元": 0.18388483709901904, "鼓励": 0.02281449119837493, "文化": 0.14240898010662623, "农业": 0.08572613168164789, "引导": 0.015188236888785867, "增加": 0.16402034056721723, "改善": 0.03771488499269823, "农民工": 0.016820306682362528, "我国": 0.03949991965689535, "教育": 0.10704906029093188, "2007": 0.06951528854615384, "建立": 0.01866953191722365, "一些": 0.027264537876554057, "专项": 0.028689977718055554, "2012": 0.016831774027314325}