{"扩大": 0.04881696016783983, "期间": 0.04090438286183444, "民主": 0.036704186175486334, "第三世界": 0.037868440728614346, "干部": 0.014670846435337996, "进一步": 0.26228214249266435, "更好": 0.016012606141612165, "世界": 0.040571196656879804, "管理": 0.04335886816996337, "根据": 0.018057340000205074, "国际": 0.04142636202163874, "基本": 0.015100042889005879, "四人帮": 0.12305142665684404, "价格": 0.023537997678274372, "和平": 0.09582888093390082, "一九八五年": 0.04601023614065627, "发展": 0.7929818430487588, "消费品": 0.01707280412733883, "积极性": 0.012751745654056497, "时期": 0.015800550105015018, "自由化": 0.03085202127165322, "建设": 0.6648072600283621, "改革": 0.606399849003063, "政策": 0.03418826017092427, "实行": 0.14187025992639482, "调整": 0.12650437719744856, "基础": 0.10764688231054696, "抓好": 0.03183550745135996, "措施": 0.01652490992583905, "我国": 0.5292741651559826, "经济": 0.6517834332109264, "得到": 0.012749673244014752, "我们": 0.5207517046437157, "国务院": 0.089065459062511, "机械": 0.029018518871212512, "能源": 0.01565535540157836, "压缩": 0.020340855308324312, "已经": 0.015584190693210426, "技术改造": 0.04065127111192121, "搞活": 0.019202914460224332, "控制": 0.014905534501172862, "节约": 0.018224395018223535, "机构": 0.036205613251841726, "增长": 0.2429420718633071, "农业": 0.22507448345648282, "改进": 0.014961544527702859, "提高": 0.3280634178150952, "促进": 0.13039131233803924, "搞好": 0.034591402184229056, "全国": 0.12005150182242531, "社会主义": 0.5538450163088209, "农村": 0.08187194412853412, "揭批": 0.01782095896025126, "自主权": 0.019256227932243013, "精神污染": 0.013329721258110916, "问题": 0.16538198939459922, "生活": 0.09017293156942656, "各级": 0.1654153891723972, "技术": 0.10165019696061593, "稳定": 0.13429359535069088, "合作": 0.014089124339792234, "需要": 0.028296505652669737, "上年": 0.11077177137100201, "实现": 0.07246482592446785, "特别": 0.016443389116381896, "可以": 0.012884408310640883, "每年": 0.015886604661895936, "工资改革": 0.020898759905953405, "价格体系": 0.015664413263977564, "坚决": 0.13992341282989051, "应该": 0.03218309291158686, "文化": 0.03382978081712673, "方面": 0.23723806759110183, "关系": 0.09035083919586895, "经济效益": 0.0863392105914137, "增产节约": 0.01821387939418843, "保证": 0.028147178028827255, "支持": 0.04323275586125991, "继续": 0.2564131255560779, "联合": 0.018827827376221483, "单位": 0.018501276871751512, "反对": 0.03580891400199883, "安定团结": 0.018732292086202654, "重点": 0.09846213771214826, "改善": 0.12250936433950194, "人民": 0.45579589203729715, "预计": 0.02166800488854653, "财政收入": 0.015879306789475765, "生产": 0.3529969591032694, "一九七八年": 0.0339141158642255, "工资制度": 0.02387287383067299, "工作": 0.4145069345527008, "革命": 0.042833709110693466, "逐步": 0.1615861571165354, "完善": 0.03572027862645408, "群众": 0.050149893839132764, "四项": 0.018870909242814166, "不正之风": 0.016069471052200173, "他们": 0.029634681867485427, "紧张局势": 0.013088848976570243, "作用": 0.01631007168315739, "物价": 0.017868538257258412, "斗争": 0.04006758906904522, "这个": 0.01285113938899555, "应当": 0.016524111960826274, "一九九": 0.017735486534241514, "资产阶级": 0.0225748210270067, "深化改革": 0.01664341449780651, "基本建设": 0.08152845016117574, "项目": 0.019166039405689214, "原材料": 0.016628223312333695, "各种": 0.025550791431659593, "递增": 0.01945691087222686, "重工业": 0.043595645638991216, "去年同期": 0.018444087559907715, "建立": 0.020559837529202415, "企业": 0.4818987198306593, "合理": 0.019220299901305003, "轻工业": 0.024714307905788258, "超级大国": 0.03268461123476805, "一九八一年": 0.0209603511970166, "上半年": 0.018556544639200204, "解决": 0.060064714179334094, "进行": 0.20194161961103907, "发挥": 0.03372134724394807, "政府": 0.14878207897809584, "民族": 0.02950665087178681, "社会": 0.2837500723515921, "几年": 0.01829305239299396, "教育": 0.15680284297213695, "监督": 0.015110101705747626, "团结": 0.03333314277661129, "原则": 0.0511058651845485, "国民经济": 0.20036717584668273, "工资": 0.026176100016967213, "和平共处": 0.02172835556006073, "五年": 0.12750928361133895, "事业": 0.06244470396223066, "一定": 0.015410577480543574, "维护": 0.026720666227815246, "重要": 0.04805176368850726, "专政": 0.01997252692163216, "取得": 0.0604177238618341, "承包": 0.013007233928719834, "责任制": 0.014224104707839939, "要求": 0.013833476739549551, "生产力": 0.01363747499544846, "市场": 0.03086856370094209, "无产阶级": 0.02749304500149045, "职工": 0.08053757026782693, "霸权主义": 0.03985818867905701, "安排": 0.062042615958025266, "林彪": 0.024400144724683197, "治理整顿": 0.14043148554982093, "第六个": 0.04295694423289889, "批判": 0.014186923356261306, "第七个": 0.014278638360151261, "中国": 0.019684242368797095, "增加": 0.26473721485367396, "加快": 0.05732655177042023, "有利于": 0.012760008434570879, "认真": 0.030019172147217756, "反革命": 0.017137549433143717, "政治": 0.04717754313695595, "计划": 0.19787888407475737, "改革开放": 0.08128436454460586, "一九八": 0.0586884049386114, "产量": 0.04236600551399257, "产品质量": 0.01548506073518356, "努力": 0.2546998478746842, "积极": 0.21728774520687824, "五项原则": 0.023646895314879336, "五年计划": 0.0693906592734771, "核武器": 0.01968271902904747, "国家": 0.4315026986898475, "部门": 0.11526368366245157, "它们": 0.024808816484027486, "正确": 0.01949975781797347, "实际": 0.016016499761768766, "整顿": 0.09214273328388706, "增强": 0.027512454066053814, "路线": 0.019755599995388944, "一九八二年": 0.03936633134516596, "现有企业": 0.021910784548640667, "科学技术": 0.028419384572384587, "经济体制": 0.1040965410149176, "今后": 0.06169521664866676, "投资": 0.04648258246642205, "情况": 0.01555874198343831, "今年": 0.04589086396354072, "思想": 0.016809290425477918, "精神文明": 0.016454495800190073, "万吨": 0.07894515513415906, "市场调节": 0.01358925567824, "水平": 0.019911777846870034, "各族人民": 0.01460287611733397, "所有制": 0.01543384937889633, "一部分": 0.016942388302548062, "毛主席": 0.06383604889748844, "加强": 0.3641879367648587, "一九九一年": 0.024842509241768642, "品种": 0.015482261623541906, "试点": 0.026670080157016152, "现代化": 0.2133137306315703, "平均": 0.015241053311311476, "深入": 0.01575041398791467, "制度": 0.09263695305053282, "结构": 0.03741836504159005, "四个": 0.015609680978614114, "推进": 0.014263718179720787, "开放": 0.016233940907758787, "亿元": 0.05639775927364574, "伟大": 0.014686325615264322, "同时": 0.016657787848039715, "工业": 0.1320308067605596, "产品": 0.05705025845364406, "增收节支": 0.01634728224107753, "方针": 0.10219281618169368, "当前": 0.032065327901651036, "坚持": 0.1704371145348934, "事业单位": 0.023791955187016826, "必须": 0.3655062095462419, "政法": 0.013238316715358273, "科学": 0.014013956694447237, "地区": 0.07769061126703876, "领导": 0.04633215805699184, "六五": 0.05679610590239851, "去年": 0.01643651817418743, "总产值": 0.03267175988253268, "七五": 0.04800701901991992, "增产": 0.022293440053576006}