{
  "增产": 0.04844113233997651,
  "进行": 0.09199828737873846,
  "五年计划": 0.18415559549839103,
  "同时并举": 0.016171668268558648,
  "毛主席": 0.08944315425822236,
  "企业": 0.09075743181313459,
  "更加": 0.03569000023732017,
  "并且": 0.06903468097822917,
  "这些": 0.05066956562638786,
  "一九五": 0.027367491959536975,
  "运动": 0.0381518179558037,
  "农业": 0.3542353891885023,
  "实现": 0.05512275139901365,
  "缺点": 0.019438477040623185,
  "各族人民": 0.030383637118181823,
  "侵略": 0.016391814091468917,
  "完成": 0.11986635475211259,
  "文化": 0.016520127913747767,
  "但是": 0.03918851330626152,
  "国家决算": 0.03937844505485987,
  "革命化": 0.0165348248422334,
  "收入": 0.0504294054658557,
  "农民": 0.06403504552579348,
  "可能": 0.014803118701416977,
  "等于": 0.01678565112275241,
  "上一年": 0.03484689534330393,
  "上年": 0.06928723402248659,
  "预算": 0.16044993960952494,
  "财政": 0.021434005318250845,
  "已经": 0.12425428013352732,
  "比重": 0.02308947868472272,
  "团结": 0.09204906538932582,
  "巩固": 0.02446079757170909,
  "苏联": 0.04044551167340717,
  "民主": 0.015522833024368462,
  "文化大革命": 0.028090219570436364,
  "力量": 0.01984195061687064,
  "路线": 0.05105668050756364,
  "周转量": 0.01955920222903995,
  "群众": 0.11777194772927378,
  "一切": 0.04567817538960585,
  "战线": 0.015863714650812127,
  "经验": 0.016095913335691308,
  "超额完成": 0.04181360292295656,
  "被压迫": 0.034946248039381816,
  "技术": 0.015175103468070737,
  "一九五二年": 0.04992237952809439,
  "两年": 0.020279887043669356,
  "工农业": 0.016205337308290258,
  "经济": 0.054190223026905376,
  "方面": 0.14219773507001138,
  "文教": 0.017618217152772807,
  "职工": 0.017629878243332467,
  "上层建筑": 0.022736700787709088,
  "公社": 0.025556926324475808,
  "国务院": 0.019638477964575754,
  "一九五六年": 0.021999819063833744,
  "增加": 0.17263403323383433,
  "几年": 0.015582285878533763,
  "纲要": 0.16369298544287528,
  "错误": 0.018260411947135447,
  "共产党": 0.02942349099451525,
  "右派分子": 0.017096352650980046,
  "专政": 0.025091747837151516,
  "机械化": 0.03300998687086849,
  "彻底": 0.016434149435377375,
  "方针": 0.015336146044428432,
  "美国": 0.019780586568671384,
  "一九五三年": 0.0632847953742409,
  "供应": 0.016315566876118823,
  "干部": 0.03261112573963121,
  "提前": 0.02555643711794355,
  "台湾": 0.016068703463665596,
  "国家机关": 0.04407551571404694,
  "一九七五年": 0.023276482478727274,
  "统一战线": 0.02145694201446194,
  "万吨": 0.01674044825810481,
  "一九五四年": 0.06435847005720434,
  "地方": 0.0638616225537143,
  "我国": 0.40462039772246733,
  "这种": 0.015704516665311592,
  "国营企业": 0.01970123952576029,
  "对于": 0.05510578612097876,
  "帝国主义": 0.08224679347972444,
  "亿斤": 0.03852127536165115,
  "人民公社化": 0.020390022343920594,
  "加强": 0.02598012935849697,
  "单位": 0.015081898968061464,
  "民族": 0.06854991467180287,
  "基本": 0.022337889803504964,
  "国民经济": 0.1400566544367805,
  "批林批孔": 0.042558011180363634,
  "应当": 0.12145445046364672,
  "计划": 0.17536523212756713,
  "必须": 0.21482182040134667,
  "为了": 0.015405455392156911,
  "学习": 0.014218102740043948,
  "增长": 0.21017419995542885,
  "大跃进": 0.040087203202560595,
  "农村": 0.062322344707676794,
  "跃进": 0.04622727523068507,
  "科学": 0.01862943491665817,
  "深入": 0.019391039982090907,
  "亚洲": 0.019797827531621865,
  "基础": 0.019206575022258067,
  "决算": 0.02538480885867621,
  "改造": 0.08884603709074987,
  "全世界": 0.01876726025696153,
  "支持": 0.03411905398819736,
  "各位": 0.018528509246278788,
  "达到": 0.07727198717384624,
  "工业化": 0.019341820176828436,
  "日内瓦": 0.01437502838211704,
  "周总理": 0.11090810239249471,
  "设备": 0.015569615405487078,
  "建设费": 0.01989963552518386,
  "集团": 0.016481473465867525,
  "提高": 0.03670566372194489,
  "建立": 0.015454726929852091,
  "社会主义": 0.48354872829381457,
  "领导": 0.07321777140994463,
  "工业": 0.20220576585642724,
  "建设": 0.36003087577629245,
  "马克思主义": 0.03640611170220606,
  "争议地区": 0.022016214877636366,
  "生产": 0.2677460440897865,
  "年收入": 0.018305167500993834,
  "美帝国主义": 0.04019019787761727,
  "教育": 0.04634681704285289,
  "占本": 0.035643313962134764,
  "鼓掌": 0.03515021833697018,
  "指标": 0.014980727140655079,
  "劳动": 0.017847935393629253,
  "总产值": 0.01583654762695825,
  "热烈鼓掌": 0.03413477060202783,
  "要求": 0.0428648984578474,
  "完工": 0.016457893257458816,
  "问题": 0.0325012342514371,
  "阶级斗争": 0.028440324849193312,
  "斗争": 0.07046572878237653,
  "整风运动": 0.018291413617460114,
  "政策": 0.01836418868057134,
  "不变价格": 0.015707508344402647,
  "公私合营": 0.029607590156290997,
  "万人": 0.028177340962572052,
  "一九四九年": 0.02827113328524244,
  "西藏": 0.028965772593976143,
  "消灭": 0.0209586229816067,
  "政治": 0.014445547156937681,
  "反动派": 0.024501917307761727,
  "工商业": 0.015086809721720499,
  "建设项目": 0.03622595382692437,
  "马克思列宁主义": 0.016526400629951307,
  "努力": 0.01868145570316377,
  "国营": 0.025880506341383423,
  "我们": 0.4378088369442609,
  "第一个": 0.02551436662584808,
  "自力更生": 0.02408702596998864,
  "批判": 0.021387861726484853,
  "坚持": 0.05575171790902225,
  "超级大国": 0.03639584492327273,
  "经过": 0.017622731005121288,
  "合作社": 0.12167269035229031,
  "人民": 0.46187046389188596,
  "争取": 0.02437542653774545,
  "一九五八年": 0.21431994318946646,
  "五年": 0.029096927459857168,
  "资产阶级": 0.05104230701666819,
  "人民公社": 0.10599194221780399,
  "原定": 0.018681177728145495,
  "总数": 0.02475067942937388,
  "一九五九年": 0.11309049999536794,
  "万亩": 0.024323705525825065,
  "一九五七年": 0.12238202799432239,
  "反对": 0.054704301394262966,
  "无产阶级": 0.0972135380349803,
  "各国": 0.04674388391468706,
  "资本主义": 0.0896379791995813,
  "胜利": 0.040624202727136245,
  "积极": 0.014837889152507458,
  "工作": 0.17035849743673415,
  "修正主义": 0.04476438157400711,
  "养猪": 0.020076619451842432,
  "相结合": 0.019422455664528538,
  "革命": 0.19933677448406634,
  "基本建设": 0.1153717305544982,
  "十二年": 0.021719423727413152,
  "应该": 0.05815324211886729,
  "一个": 0.016006213930295405,
  "世界": 0.04806853717706027,
  "国家": 0.31844272227023923,
  "今后": 0.015884489016288125,
  "能够": 0.057090638843934005,
  "发展": 0.33335613810955045,
  "八字宪法": 0.02586974749131514,
  "需要": 0.05041173267687472,
  "生活": 0.06180649227757179,
  "粮食": 0.024620381047580648,
  "继续": 0.01908888038002485,
  "和平": 0.04588934482019695,
  "棉田": 0.021821870456606704,
  "私营": 0.040997754619314736,
  "半机械化": 0.02717142774078784,
  "任务": 0.034774467562941044,
  "浪费": 0.031786437868788084,
  "思想": 0.015224961714332427,
  "产量": 0.017593171786799842,
  "事业": 0.09489161989121869,
  "这个": 0.032844904993899124,
  "由于": 0.01918387746924071,
  "支出": 0.13191687680727487,
  "制度": 0.024524375152759077,
  "政府": 0.01998090966894057,
  "他们": 0.05069212169274585,
  "所有制": 0.020733251135235733,
  "全国": 0.17086455306015552,
  "工程": 0.017755264482293424,
  "部门": 0.03926391814601736,
  "社办": 0.028676399906885856,
  "指出": 0.016495555248823242,
  "食堂": 0.039708599427496896,
  "总路线": 0.025052166221311477,
  "团结起来": 0.018161190266454543
}