{
  "增强": 0.058097612879133356,
  "依法": 0.030580607490645683,
  "十五": 0.01779368796417391,
  "健全": 0.019596434339818686,
  "进行": 0.014857174395803587,
  "努力": 0.1205146153575927,
  "中央": 0.03288978501106531,
  "提高": 0.23912645535299162,
  "解决": 0.045775412876536116,
  "方面": 0.032511804378024936,
  "逐步": 0.03154586773900232,
  "社会": 0.3085111322914571,
  "重视": 0.03050782980680286,
  "重点": 0.10479991430715538,
  "促进": 0.2402241457268453,
  "社会主义": 0.28160260737809756,
  "退耕还林": 0.019822307338277792,
  "经济体制": 0.07287701367159308,
  "企业": 0.3688269143692599,
  "财政": 0.017748194600895356,
  "鼓励": 0.03197696909815707,
  "开发": 0.017383382376586497,
  "问题": 0.08955661087077577,
  "今年": 0.07242344732437005,
  "发挥": 0.01539026319387004,
  "加强": 0.5531935520708294,
  "结构": 0.033341867334717196,
  "国有": 0.015665605361458647,
  "中国": 0.04554681749724389,
  "农民收入": 0.016890031037869388,
  "干部": 0.01656261347568421,
  "增长": 0.12131892364355285,
  "同志": 0.01528299017771987,
  "各级": 0.12290774504987338,
  "稳定": 0.21261991299655042,
  "继续": 0.3067689293001363,
  "科技": 0.06805698597155047,
  "保持": 0.03488603362472838,
  "坚决": 0.01541090457845502,
  "邓小平": 0.015884334051382787,
  "必须": 0.059602475596243175,
  "维护": 0.08364077208590419,
  "生活": 0.03247928916108118,
  "政府": 0.22932871618202785,
  "地区": 0.12357686547973726,
  "关系": 0.0570849555777429,
  "建立": 0.09360411600956248,
  "文化": 0.07651536000097399,
  "亿元": 0.015065837352032459,
  "基础": 0.04570216855447985,
  "大力": 0.016250247792032366,
  "深化": 0.059556009712226826,
  "今后": 0.016831591861714332,
  "各族人民": 0.01460287611733397,
  "国民经济": 0.08395254056033016,
  "市场": 0.05382029981510754,
  "扩大": 0.08775693320360975,
  "推进": 0.163777560150743,
  "规范": 0.014858659750968985,
  "世界": 0.017732005706561523,
  "制度": 0.19076425931741148,
  "完善": 0.15779888225403282,
  "投入": 0.01449065383532844,
  "机构": 0.019957311588517636,
  "农业": 0.16476035593718474,
  "我们": 0.11064383619156326,
  "积极": 0.3002148504165428,
  "支持": 0.07818075128522411,
  "整顿": 0.03253700789577143,
  "重要": 0.03258844900826084,
  "和平": 0.014043283016008816,
  "生产": 0.028735592926388324,
  "香港特别行政区": 0.013514290016420596,
  "经济": 0.415278971874766,
  "国务院": 0.01692403808922589,
  "教育": 0.2190935027296232,
  "管理": 0.2054701214209154,
  "结构调整": 0.01991258266707123,
  "实行": 0.08465799995319058,
  "工作": 0.35637842282846177,
  "地方": 0.01956569562504142,
  "实现": 0.08285091707211696,
  "投资": 0.014624721623270677,
  "精神文明": 0.020235480096755153,
  "措施": 0.019624510887642856,
  "国家": 0.1679909355588389,
  "方针": 0.015484611367589577,
  "粮食": 0.034615773495502794,
  "农村": 0.19645201566092513,
  "调整": 0.049150463039898444,
  "群众": 0.03432784053182763,
  "社会保障": 0.015354393967716382,
  "特别": 0.015548415982429203,
  "高新技术": 0.01817638078772248,
  "实施": 0.0825036484980854,
  "下岗职工": 0.01594712900150376,
  "增加": 0.20737455251163128,
  "产业": 0.01718775333428862,
  "进一步": 0.21238847329037272,
  "国际": 0.015511040727832787,
  "就业": 0.039725119718745976,
  "现代化": 0.1323026382068036,
  "坚持": 0.2387669414508742,
  "人民": 0.14311035195707028,
  "得到": 0.015033083519565138,
  "体系": 0.02157408606320074,
  "国有企业": 0.13129257197524863,
  "资源": 0.01785587667678816,
  "加快": 0.21803384552320798,
  "发展": 0.7043673979135143,
  "基本": 0.03309346470522351,
  "搞好": 0.030952854766226397,
  "加大": 0.029754596345118248,
  "九五": 0.040065160416146155,
  "改革": 0.5146045713212477,
  "农民": 0.016333269808979905,
  "抓好": 0.04618099673358571,
  "全国": 0.048346697131536026,
  "取得": 0.13670927162229243,
  "世贸组织": 0.02173192367170102,
  "切实": 0.01684815015798496,
  "改革开放": 0.06431561371471509,
  "事业": 0.06181378631276502,
  "我国": 0.22953625607692982,
  "改善": 0.11252847257642354,
  "基础设施": 0.01618198693907123,
  "做好": 0.07289494044336775,
  "体制改革": 0.06569001451001709,
  "合作": 0.014193014392400824,
  "建设": 0.6178075142658453,
  "五年": 0.10524169414022555
}