{
  "宏观调控": 0.01678476210525629,
  "结构": 0.016154278878247098,
  "文化": 0.14240898010662623,
  "解决": 0.08464892099706112,
  "增长": 0.21221086392670607,
  "政策": 0.09529637231568056,
  "群众": 0.04639050151300189,
  "城镇居民": 0.013974311014648765,
  "困难": 0.020054452941878,
  "平稳": 0.021946625133002058,
  "就业": 0.27936528800995186,
  "拖欠": 0.018543558261466395,
  "个省": 0.03590020271141141,
  "实现": 0.021431045055656822,
  "得到": 0.018775195280488797,
  "万亿元": 0.014995792151362198,
  "补助": 0.06966560488322063,
  "增产": 0.019587096767792793,
  "过快": 0.022806013108198197,
  "规范": 0.018969332512404475,
  "切实": 0.016598547933422223,
  "机制": 0.05711604842344342,
  "改革": 0.4319079726191658,
  "发展": 0.6488826117249292,
  "信访": 0.021355488838243245,
  "体系": 0.1454223894337287,
  "稳定": 0.11549417248086867,
  "依法": 0.033482431227444355,
  "一些": 0.027264537876554057,
  "人民": 0.12793669208543493,
  "社会保障": 0.028834141220335462,
  "试点": 0.035078108360158865,
  "十一五": 0.018000168266700613,
  "农民": 0.1012130717078386,
  "事业": 0.09124654398595076,
  "鼓励": 0.02281449119837493,
  "民生": 0.017579902029807377,
  "合作": 0.050406763359733466,
  "实施": 0.2710774916038704,
  "安排": 0.030340023742462464,
  "完善": 0.19531401325409367,
  "和平": 0.015523996878028891,
  "开展": 0.016230119004145584,
  "养老保险": 0.01901312673437971,
  "推动": 0.0538740348898472,
  "支持": 0.1604899081655181,
  "制定": 0.039623762478262804,
  "推进": 0.46181389728036315,
  "粮食": 0.05887824780640345,
  "达到": 0.04413203078408423,
  "方面": 0.049157515385631824,
  "专项": 0.028689977718055554,
  "各族人民": 0.02863433929917752,
  "工作": 0.37675491728151267,
  "比前": 0.017561171506279838,
  "2002": 0.035122343012559676,
  "经济社会": 0.0765053960077855,
  "政府": 0.2367103300239478,
  "我们": 0.16385082563137643,
  "提高": 0.20063406255073005,
  "国家": 0.03346232938643351,
  "投入": 0.01449065383532844,
  "住房": 0.01556792787952361,
  "工程": 0.020326869850178206,
  "取得": 0.15483922694823135,
  "战略": 0.04462759074951361,
  "管理": 0.05550434592855712,
  "进一步": 0.15283535239658594,
  "建立": 0.01866953191722365,
  "加快": 0.3089509912773735,
  "全国": 0.09073126662688136,
  "国有企业": 0.06051133411568359,
  "2006": 0.018260846491191446,
  "今年": 0.01783540635834563,
  "五年": 0.1554570696186195,
  "补贴": 0.019572597349335162,
  "人数": 0.017549703526744346,
  "着力": 0.03076850480516189,
  "国债资金": 0.019222320365315317,
  "投资": 0.09561668492767945,
  "农民工": 0.016820306682362528,
  "大力发展": 0.020730246447341664,
  "各级": 0.01995847269650935,
  "实行": 0.03032932548235917,
  "诚挚": 0.04106487593383165,
  "深化": 0.11009868543702027,
  "进展": 0.05127126595454426,
  "地区": 0.05955481426756733,
  "节能": 0.05433872919700265,
  "积极": 0.20110260709566358,
  "2007": 0.06951528854615384,
  "自主": 0.01852951631876628,
  "引导": 0.015188236888785867,
  "做好": 0.05990023621424309,
  "2012": 0.016831774027314325,
  "问题": 0.08997087997595413,
  "城乡": 0.05460490571068949,
  "坚持": 0.20667960939456181,
  "增加": 0.1946483592372533,
  "稳步": 0.03768061606619934,
  "国际": 0.06257530723997992,
  "保障": 0.07483960454514618,
  "非典": 0.018543769055906986,
  "环保": 0.01683932265089104,
  "经济": 0.35541078472132026,
  "重要": 0.03965922662509713,
  "基本": 0.13943363755622123,
  "企业": 0.13208903016886905,
  "保持": 0.01538380918064414,
  "大力": 0.015621303016377779,
  "我国": 0.05348574934336109,
  "一年": 0.014542526727166638,
  "国务院": 0.07521854408096376,
  "政策措施": 0.06383814410315118,
  "科技": 0.016526280687148377,
  "社会": 0.2634026159377068,
  "上年": 0.10901521259092996,
  "参保": 0.01933009180599726,
  "维护": 0.03159246400479902,
  "努力": 0.018617932978979908,
  "加强": 0.5669195097879173,
  "促进": 0.23084535152551341,
  "社会主义": 0.03669691143362665,
  "加大": 0.08186889611560662,
  "农村": 0.3671794475467799,
  "扩大": 0.10150363165773343,
  "健全": 0.0346835410436765,
  "亿元": 0.19895067445105152,
  "行政": 0.015207509643342654,
  "新增": 0.017764772867425633,
  "万人": 0.03735119498433716,
  "制度": 0.2245299335484384,
  "累计": 0.02003188565098788,
  "服务业": 0.015571227488583333,
  "全面": 0.14914267249151666,
  "服务": 0.022652228680155477,
  "创新": 0.033134144682829894,
  "支出": 0.017409207471208225,
  "建设": 0.6224704065282486,
  "同胞": 0.023934732438492114,
  "重大": 0.06233774166703704,
  "改善": 0.0524743993223479,
  "中央财政": 0.1936334912533474,
  "新进展": 0.04098858523312508,
  "继续": 0.21116069154074252,
  "水平": 0.04787248727991042,
  "体制改革": 0.06931941229116298,
  "重点": 0.22063326784757498,
  "教育": 0.1246020512587835,
  "应对": 0.019453884627034727,
  "农业": 0.10570235555914403,
  "增强": 0.052520150470064746,
  "服务体系": 0.016764585067040032
}