{"进行": 0.014857174395803587, "和平": 0.014043283016008816, "投资": 0.014624721623270677, "重点": 0.10479991430715538, "重视": 0.03050782980680286, "投入": 0.01449065383532844, "地方": 0.01956569562504142, "必须": 0.045248059646549814, "科技": 0.06805698597155047, "增长": 0.10244077419404538, "积极": 0.2746064505568129, "我们": 0.08909113223865572, "做好": 0.07289494044336775, "退耕还林": 0.019822307338277792, "全国": 0.048346697131536026, "亿元": 0.015065837352032459, "国民经济": 0.06715455418540166, "增加": 0.19211669192390013, "经济": 0.36700994041143586, "精神文明": 0.020235480096755153, "干部": 0.01656261347568421, "抓好": 0.04618099673358571, "文化": 0.07651536000097399, "发展": 0.6390460723176135, "群众": 0.03432784053182763, "体系": 0.02157408606320074, "实现": 0.06501781782868511, "国有企业": 0.13129257197524863, "世贸组织": 0.02173192367170102, "逐步": 0.014842696549442421, "开发": 0.017383382376586497, "增强": 0.04428163725093984, "香港特别行政区": 0.013514290016420596, "支持": 0.07818075128522411, "健全": 0.019596434339818686, "事业": 0.06181378631276502, "加大": 0.029754596345118248, "各级": 0.10443014409617779, "农业": 0.16476035593718474, "加快": 0.19301455465538625, "特别": 0.015548415982429203, "维护": 0.08364077208590419, "提高": 0.21505687960577838, "高新技术": 0.01817638078772248, "世界": 0.017732005706561523, "基础": 0.030566386522322235, "农民": 0.016333269808979905, "合作": 0.014193014392400824, "实施": 0.0825036484980854, "人民": 0.12407391228316018, "农民收入": 0.016890031037869388, "社会": 0.28069236449955526, "整顿": 0.03253700789577143, "中央": 0.03288978501106531, "加强": 0.5182881709320003, "财政": 0.017748194600895356, "下岗职工": 0.01594712900150376, "改革开放": 0.035694419328666474, "推进": 0.163777560150743, "深化": 0.059556009712226826, "发挥": 0.01539026319387004, "稳定": 0.1945510365409292, "基本": 0.03309346470522351, "措施": 0.019624510887642856, "十五": 0.01779368796417391, "实行": 0.06847053661012258, "国家": 0.14256706906910263, "完善": 0.15779888225403282, "工作": 0.33233987558909095, "粮食": 0.034615773495502794, "问题": 0.07192420222027687, "市场": 0.03692938225257814, "坚决": 0.01541090457845502, "经济体制": 0.055433474590554, "资源": 0.01785587667678816, "重要": 0.03258844900826084, "我国": 0.19660004532209666, "邓小平": 0.015884334051382787, "得到": 0.015033083519565138, "制度": 0.17024105261019035, "体制改革": 0.06569001451001709, "切实": 0.01684815015798496, "国际": 0.015511040727832787, "生活": 0.03247928916108118, "就业": 0.039725119718745976, "解决": 0.029655750015516097, "关系": 0.03902759095299553, "企业": 0.35205787963399615, "国有": 0.015665605361458647, "生产": 0.028735592926388324, "结构调整": 0.01991258266707123, "方面": 0.032511804378024936, "搞好": 0.030952854766226397, "方针": 0.015484611367589577, "保持": 0.03488603362472838, "扩大": 0.08775693320360975, "社会主义": 0.24515141387428444, "管理": 0.2054701214209154, "农村": 0.18194128109860389, "中国": 0.04554681749724389, "国务院": 0.01692403808922589, "九五": 0.040065160416146155, "大力": 0.016250247792032366, "改善": 0.11252847257642354, "地区": 0.10658009969815482, "继续": 0.29049657369178544, "基础设施": 0.01618198693907123, "建立": 0.07304427848036006, "今年": 0.07242344732437005, "改革": 0.46401188089300816, "取得": 0.12068685855948341, "坚持": 0.2184427195635498, "产业": 0.01718775333428862, "政府": 0.20537162453654648, "五年": 0.06406279281591669, "同志": 0.01528299017771987, "鼓励": 0.03197696909815707, "社会保障": 0.015354393967716382, "进一步": 0.19092098615604158, "规范": 0.014858659750968985, "建设": 0.5420987934039039, "促进": 0.21926113555773186, "现代化": 0.10552251565099648, "教育": 0.20104967502673154, "努力": 0.1032899214051618, "调整": 0.049150463039898444, "依法": 0.030580607490645683, "结构": 0.033341867334717196}